{
  "version": "0.1.20241227",
  "status_code": 20000,
  "status_message": "Ok.",
  "time": "12.1015 sec.",
  "cost": 0.002,
  "tasks_count": 1,
  "tasks_error": 0,
  "tasks": [
    {
      "id": "01161652-3378-0139-0000-5c0f4d898acd",
      "status_code": 20000,
      "status_message": "Ok.",
      "time": "12.0396 sec.",
      "cost": 0.002,
      "result_count": 1,
      "path": [
        "v3",
        "serp",
        "google",
        "organic",
        "live",
        "advanced"
      ],
      "data": {
        "api": "serp",
        "function": "live",
        "se": "google",
        "se_type": "organic",
        "keyword": "adriseo",
        "location_name": "United States",
        "language_name": "English",
        "device": "desktop",
        "os": "windows",
        "depth": 100
      },
      "result": [
        {
          "keyword": "adriseo",
          "type": "organic",
          "se_domain": "google.com",
          "location_code": 2840,
          "language_code": "en",
          "check_url": "https://www.google.com/search?q=adriseo&num=100&hl=en&gl=US&gws_rd=cr&ie=UTF-8&oe=UTF-8&glp=1&uule=w+CAIQIFISCQs2MuSEtepUEUK33kOSuTsc",
          "datetime": "2025-01-16 14:53:06 +00:00",
          "spell": {
            "keyword": "adisseo",
            "type": "did_you_mean"
          },
          "refinement_chips": null,
          "item_types": [
            "organic",
            "images",
            "related_searches"
          ],
          "se_results_count": 51,
          "items_count": 53,
          "items": [
            {
              "type": "organic",
              "rank_group": 1,
              "rank_absolute": 1,
              "position": "left",
              "xpath": "/html[1]/body[1]/div[3]/div[1]/div[13]/div[1]/div[1]/div[2]/div[2]/div[1]/div[1]/div[1]/div[1]/div[1]/div[1]",
              "domain": "www.adisseo.com",
              "title": "Adisseo: Animal nutrition",
              "url": "https://www.adisseo.com/en/",
              "cache_url": null,
              "related_search_url": null,
              "breadcrumb": "https://www.adisseo.com › ...",
              "website_name": "Adisseo",
              "is_image": false,
              "is_video": false,
              "is_featured_snippet": false,
              "is_malicious": false,
              "is_web_story": false,
              "description": "Discover Adisseo, leader in animal nutrition and guarantor of the best safety guarantee for people, the environment and animal production.",
              "pre_snippet": null,
              "extended_snippet": null,
              "images": null,
              "amp_version": false,
              "rating": null,
              "price": null,
              "highlighted": [
                "Adisseo"
              ],
              "links": [
                {
                  "type": "link_element",
                  "title": "A global company",
                  "description": null,
                  "url": "https://www.adisseo.com/en/our-company/",
                  "domain": "www.adisseo.com"
                },
                {
                  "type": "link_element",
                  "title": "Contact us",
                  "description": null,
                  "url": "https://www.adisseo.com/en/contact-us/",
                  "domain": "www.adisseo.com"
                },
                {
                  "type": "link_element",
                  "title": "Join us",
                  "description": null,
                  "url": "https://www.adisseo.com/en/join-us/",
                  "domain": "www.adisseo.com"
                },
                {
                  "type": "link_element",
                  "title": "Products and services",
                  "description": null,
                  "url": "https://www.adisseo.com/en/products-and-services/",
                  "domain": "www.adisseo.com"
                }
              ],
              "faq": null,
              "extended_people_also_search": null,
              "about_this_result": null,
              "related_result": null,
              "timestamp": null,
              "rectangle": null
            },
            {
              "type": "organic",
              "rank_group": 2,
              "rank_absolute": 2,
              "position": "left",
              "xpath": "/html[1]/body[1]/div[3]/div[1]/div[13]/div[1]/div[1]/div[2]/div[2]/div[1]/div[1]/div[3]/div[1]/div[1]",
              "domain": "adriseo.com",
              "title": "Adrien Cappelaere - Global Digital Strategist",
              "url": "https://adriseo.com/",
              "cache_url": null,
              "related_search_url": null,
              "breadcrumb": "https://adriseo.com",
              "website_name": "adriseo.com",
              "is_image": false,
              "is_video": false,
              "is_featured_snippet": false,
              "is_malicious": false,
              "is_web_story": false,
              "description": "I lead organic growth at Quadient. With a decade of experience and success in growing 60+ businesses across the USA, Canada, and Europe, I offer deep expertise.",
              "pre_snippet": null,
              "extended_snippet": null,
              "images": null,
              "amp_version": false,
              "rating": null,
              "price": null,
              "highlighted": null,
              "links": null,
              "faq": null,
              "extended_people_also_search": null,
              "about_this_result": null,
              "related_result": null,
              "timestamp": null,
              "rectangle": null
            },
            {
              "type": "organic",
              "rank_group": 3,
              "rank_absolute": 3,
              "position": "left",
              "xpath": "/html[1]/body[1]/div[3]/div[1]/div[13]/div[1]/div[1]/div[2]/div[2]/div[1]/div[1]/div[4]/div[1]/div[1]",
              "domain": "www.adrise.io",
              "title": "Top E-commerce Advertising Agency for Online Sellers",
              "url": "https://www.adrise.io/",
              "cache_url": null,
              "related_search_url": null,
              "breadcrumb": "https://www.adrise.io",
              "website_name": "adrise.io",
              "is_image": false,
              "is_video": false,
              "is_featured_snippet": false,
              "is_malicious": false,
              "is_web_story": false,
              "description": "Unlock your brand's full potential with Adrise, the leading E-commerce Advertising Agency. Expert strategies to elevate your digital campaigns and boost ...",
              "pre_snippet": null,
              "extended_snippet": null,
              "images": null,
              "amp_version": false,
              "rating": null,
              "price": null,
              "highlighted": [
                "Adrise"
              ],
              "links": null,
              "faq": null,
              "extended_people_also_search": null,
              "about_this_result": null,
              "related_result": null,
              "timestamp": null,
              "rectangle": null
            },
            {
              "type": "organic",
              "rank_group": 4,
              "rank_absolute": 4,
              "position": "left",
              "xpath": "/html[1]/body[1]/div[3]/div[1]/div[13]/div[1]/div[1]/div[2]/div[2]/div[1]/div[1]/div[5]/div[1]/div[1]",
              "domain": "www.adisseo.com",
              "title": "Nutritional solutions and additives for animal feed",
              "url": "https://www.adisseo.com/en/products-and-services/",
              "cache_url": null,
              "related_search_url": null,
              "breadcrumb": "https://www.adisseo.com › products-and-services",
              "website_name": "Adisseo",
              "is_image": false,
              "is_video": false,
              "is_featured_snippet": false,
              "is_malicious": false,
              "is_web_story": false,
              "description": "Adisseo is a world leader in nutritional solutions and additives for animal feed and offers methionine, enzymes, vitamines, organic selenium and probiotics.",
              "pre_snippet": null,
              "extended_snippet": null,
              "images": null,
              "amp_version": false,
              "rating": null,
              "price": null,
              "highlighted": [
                "Adisseo"
              ],
              "links": null,
              "faq": null,
              "extended_people_also_search": null,
              "about_this_result": null,
              "related_result": null,
              "timestamp": null,
              "rectangle": null
            },
            {
              "type": "organic",
              "rank_group": 5,
              "rank_absolute": 5,
              "position": "left",
              "xpath": "/html[1]/body[1]/div[3]/div[1]/div[13]/div[1]/div[1]/div[2]/div[2]/div[1]/div[1]/div[6]/div[1]/div[1]",
              "domain": "adriseo.com",
              "title": "Global Digital Strategist - Adrien Cappelaere",
              "url": "https://adriseo.com/now/",
              "cache_url": null,
              "related_search_url": null,
              "breadcrumb": "https://adriseo.com › now",
              "website_name": "adriseo.com",
              "is_image": false,
              "is_video": false,
              "is_featured_snippet": false,
              "is_malicious": false,
              "is_web_story": false,
              "description": "I started my EDHEC MSc International Business Management. At the moment, we are exploring stakeholder management and international business.",
              "pre_snippet": null,
              "extended_snippet": null,
              "images": null,
              "amp_version": false,
              "rating": null,
              "price": null,
              "highlighted": null,
              "links": null,
              "faq": null,
              "extended_people_also_search": null,
              "about_this_result": null,
              "related_result": null,
              "timestamp": null,
              "rectangle": null
            },
            {
              "type": "organic",
              "rank_group": 6,
              "rank_absolute": 6,
              "position": "left",
              "xpath": "/html[1]/body[1]/div[3]/div[1]/div[13]/div[1]/div[1]/div[2]/div[2]/div[1]/div[1]/div[7]/div[1]/div[1]",
              "domain": "adrise.com",
              "title": "AdRise",
              "url": "https://adrise.com/",
              "cache_url": null,
              "related_search_url": null,
              "breadcrumb": "https://adrise.com",
              "website_name": "AdRise",
              "is_image": false,
              "is_video": false,
              "is_featured_snippet": false,
              "is_malicious": false,
              "is_web_story": false,
              "description": "AdRise is an advanced, integrated technology platform for CTV and linear inventory that has evolved into an enterprise-wide platform for FOX.",
              "pre_snippet": "04/03/2024 00:00:00",
              "extended_snippet": null,
              "images": null,
              "amp_version": false,
              "rating": null,
              "price": null,
              "highlighted": [
                "AdRise"
              ],
              "links": null,
              "faq": null,
              "extended_people_also_search": null,
              "about_this_result": null,
              "related_result": null,
              "timestamp": "2024-04-03 00:00:00 +00:00",
              "rectangle": null
            },
            {
              "type": "organic",
              "rank_group": 7,
              "rank_absolute": 7,
              "position": "left",
              "xpath": "/html[1]/body[1]/div[3]/div[1]/div[13]/div[1]/div[1]/div[2]/div[2]/div[1]/div[1]/div[8]/div[1]/div[1]",
              "domain": "www.threads.net",
              "title": "Adri Seo (@adriseo) • Threads, Say more",
              "url": "https://www.threads.net/@adriseo",
              "cache_url": null,
              "related_search_url": null,
              "breadcrumb": "90+ followers",
              "website_name": "Threads · @adriseo",
              "is_image": false,
              "is_video": false,
              "is_featured_snippet": false,
              "is_malicious": false,
              "is_web_story": false,
              "description": "90 Followers • 216 Threads. See the latest conversations with @adriseo.",
              "pre_snippet": null,
              "extended_snippet": null,
              "images": null,
              "amp_version": false,
              "rating": null,
              "price": null,
              "highlighted": [
                "adriseo"
              ],
              "links": null,
              "faq": null,
              "extended_people_also_search": null,
              "about_this_result": null,
              "related_result": null,
              "timestamp": null,
              "rectangle": null
            },
            {
              "type": "organic",
              "rank_group": 8,
              "rank_absolute": 8,
              "position": "left",
              "xpath": "/html[1]/body[1]/div[3]/div[1]/div[13]/div[1]/div[1]/div[2]/div[2]/div[1]/div[1]/div[9]/div[1]/div[1]",
              "domain": "www.instagram.com",
              "title": "Adri Seo (@adriseo) • Instagram-foto's en -video's",
              "url": "https://www.instagram.com/adriseo/?hl=en",
              "cache_url": null,
              "related_search_url": null,
              "breadcrumb": "https://www.instagram.com › adris...",
              "website_name": "Instagram",
              "is_image": false,
              "is_video": false,
              "is_featured_snippet": false,
              "is_malicious": false,
              "is_web_story": false,
              "description": "Lic en Trabajo Social (UBA) ; 216 plasings ; 571 volgers ; 1 041 volg ...",
              "pre_snippet": null,
              "extended_snippet": null,
              "images": null,
              "amp_version": false,
              "rating": null,
              "price": null,
              "highlighted": null,
              "links": null,
              "faq": null,
              "extended_people_also_search": null,
              "about_this_result": null,
              "related_result": null,
              "timestamp": null,
              "rectangle": null
            },
            {
              "type": "organic",
              "rank_group": 9,
              "rank_absolute": 9,
              "position": "left",
              "xpath": "/html[1]/body[1]/div[3]/div[1]/div[13]/div[1]/div[1]/div[2]/div[2]/div[1]/div[1]/div[10]/div[1]/div[1]",
              "domain": "www.tiktok.com",
              "title": "adri (@adriseo)",
              "url": "https://www.tiktok.com/@adriseo",
              "cache_url": null,
              "related_search_url": null,
              "breadcrumb": "https://www.tiktok.com › @adriseo",
              "website_name": "TikTok",
              "is_image": false,
              "is_video": false,
              "is_featured_snippet": false,
              "is_malicious": false,
              "is_web_story": false,
              "description": "No bio yet. ... This user has not published any videos. This user's liked videos are private. Videos liked by adriseo are currently hidden.",
              "pre_snippet": null,
              "extended_snippet": null,
              "images": null,
              "amp_version": false,
              "rating": null,
              "price": null,
              "highlighted": [
                "adriseo"
              ],
              "links": null,
              "faq": null,
              "extended_people_also_search": null,
              "about_this_result": null,
              "related_result": null,
              "timestamp": null,
              "rectangle": null
            },
            {
              "type": "organic",
              "rank_group": 10,
              "rank_absolute": 10,
              "position": "left",
              "xpath": "/html[1]/body[1]/div[3]/div[1]/div[13]/div[1]/div[1]/div[2]/div[2]/div[1]/div[1]/div[11]/div[1]/div[1]",
              "domain": "www.pinterest.com",
              "title": "Adriana Seoane (Adriseo) - Profile",
              "url": "https://www.pinterest.com/adriseo/",
              "cache_url": null,
              "related_search_url": null,
              "breadcrumb": "https://www.pinterest.com › adriseo",
              "website_name": "Pinterest",
              "is_image": false,
              "is_video": false,
              "is_featured_snippet": false,
              "is_malicious": false,
              "is_web_story": false,
              "description": "Adriana Seoane ; Arte · 3 Pins ; Experimentos · 12 Pins ; Educación Infantil · 91 Pins ; Dinosaurios · 2 Pins ; Xogos Olímpicos · 28 Pins.",
              "pre_snippet": null,
              "extended_snippet": null,
              "images": null,
              "amp_version": false,
              "rating": null,
              "price": null,
              "highlighted": null,
              "links": null,
              "faq": null,
              "extended_people_also_search": null,
              "about_this_result": null,
              "related_result": null,
              "timestamp": null,
              "rectangle": null
            },
            {
              "type": "organic",
              "rank_group": 11,
              "rank_absolute": 11,
              "position": "left",
              "xpath": "/html[1]/body[1]/div[3]/div[1]/div[13]/div[1]/div[1]/div[2]/div[2]/div[1]/div[1]/div[12]/div[1]/div[1]",
              "domain": "www.facebook.com",
              "title": "Adri Seo",
              "url": "https://www.facebook.com/adri.seo.5/",
              "cache_url": null,
              "related_search_url": null,
              "breadcrumb": "https://www.facebook.com › adri.seo.5",
              "website_name": "Facebook",
              "is_image": false,
              "is_video": false,
              "is_featured_snippet": false,
              "is_malicious": false,
              "is_web_story": false,
              "description": "Facebook wordmark. Log in. Adri Seo. Posts. Photos. 󱙇. See more about Adri. 󱘋. Photos. Adri Seo profile picture · Adri Seo updated their profile picture. Mar 13 ...",
              "pre_snippet": null,
              "extended_snippet": null,
              "images": null,
              "amp_version": false,
              "rating": null,
              "price": null,
              "highlighted": [
                "Adri Seo"
              ],
              "links": null,
              "faq": null,
              "extended_people_also_search": null,
              "about_this_result": null,
              "related_result": null,
              "timestamp": null,
              "rectangle": null
            },
            {
              "type": "organic",
              "rank_group": 12,
              "rank_absolute": 12,
              "position": "left",
              "xpath": "/html[1]/body[1]/div[3]/div[1]/div[13]/div[1]/div[1]/div[2]/div[2]/div[1]/div[1]/div[13]/div[1]/div[1]",
              "domain": "adrise.co",
              "title": "Adrise: Home",
              "url": "https://adrise.co/",
              "cache_url": null,
              "related_search_url": null,
              "breadcrumb": "https://adrise.co",
              "website_name": "adrise.co",
              "is_image": false,
              "is_video": false,
              "is_featured_snippet": false,
              "is_malicious": false,
              "is_web_story": false,
              "description": "A digital agency for businesses that want to make an impact. We help brands dominate their industry and outpace the competition through digital marketing.",
              "pre_snippet": null,
              "extended_snippet": null,
              "images": null,
              "amp_version": false,
              "rating": null,
              "price": null,
              "highlighted": null,
              "links": null,
              "faq": null,
              "extended_people_also_search": null,
              "about_this_result": null,
              "related_result": null,
              "timestamp": null,
              "rectangle": null
            },
            {
              "type": "organic",
              "rank_group": 13,
              "rank_absolute": 13,
              "position": "left",
              "xpath": "/html[1]/body[1]/div[3]/div[1]/div[13]/div[1]/div[1]/div[2]/div[2]/div[1]/div[1]/div[14]/div[1]/div[1]",
              "domain": "www.adrise.io",
              "title": "Adrise",
              "url": "https://www.adrise.io/checkout",
              "cache_url": null,
              "related_search_url": null,
              "breadcrumb": "https://www.adrise.io › checkout",
              "website_name": "adrise.io",
              "is_image": false,
              "is_video": false,
              "is_featured_snippet": false,
              "is_malicious": false,
              "is_web_story": false,
              "description": "Customer Info * Required Email * Shipping Address * Required Full Name * Street Address * City * State/Province Zip/Postal Code * Country",
              "pre_snippet": null,
              "extended_snippet": null,
              "images": null,
              "amp_version": false,
              "rating": null,
              "price": null,
              "highlighted": null,
              "links": null,
              "faq": null,
              "extended_people_also_search": null,
              "about_this_result": null,
              "related_result": null,
              "timestamp": null,
              "rectangle": null
            },
            {
              "type": "organic",
              "rank_group": 14,
              "rank_absolute": 14,
              "position": "left",
              "xpath": "/html[1]/body[1]/div[3]/div[1]/div[13]/div[1]/div[1]/div[2]/div[2]/div[1]/div[1]/div[15]/div[1]/div[1]",
              "domain": "www.linkedin.com",
              "title": "Adrise",
              "url": "https://www.linkedin.com/company/adrise-official",
              "cache_url": null,
              "related_search_url": null,
              "breadcrumb": "8 followers",
              "website_name": "LinkedIn · Adrise",
              "is_image": false,
              "is_video": false,
              "is_featured_snippet": false,
              "is_malicious": false,
              "is_web_story": false,
              "description": "Adrise | 8 followers on LinkedIn. Elevate Your Online Sales with Adrise—The Future of E-commerce Advertising | Elevate Your Online Sales with Adrise—The ...",
              "pre_snippet": null,
              "extended_snippet": null,
              "images": null,
              "amp_version": false,
              "rating": null,
              "price": null,
              "highlighted": [
                "Adrise"
              ],
              "links": null,
              "faq": null,
              "extended_people_also_search": null,
              "about_this_result": null,
              "related_result": null,
              "timestamp": null,
              "rectangle": null
            },
            {
              "type": "organic",
              "rank_group": 15,
              "rank_absolute": 15,
              "position": "left",
              "xpath": "/html[1]/body[1]/div[3]/div[1]/div[13]/div[1]/div[1]/div[2]/div[2]/div[1]/div[1]/div[16]/div[1]/div[1]",
              "domain": "www.facebook.com",
              "title": "Adriseo Tupene",
              "url": "https://www.facebook.com/adriseo.tupene/?locale=en_GB",
              "cache_url": null,
              "related_search_url": null,
              "breadcrumb": "https://www.facebook.com › adriseo.tupene",
              "website_name": "Facebook",
              "is_image": false,
              "is_video": false,
              "is_featured_snippet": false,
              "is_malicious": false,
              "is_web_story": false,
              "description": "Facebook wordmark · Log In. Adriseo Tupene. Posts. Photos. 󱙇. See more about Adriseo. 󱘋. Photos. Adriseo Tupene profile picture · Adriseo Tupene. 13 Oct 2017 ...",
              "pre_snippet": null,
              "extended_snippet": null,
              "images": null,
              "amp_version": false,
              "rating": null,
              "price": null,
              "highlighted": [
                "Adriseo"
              ],
              "links": null,
              "faq": null,
              "extended_people_also_search": null,
              "about_this_result": null,
              "related_result": null,
              "timestamp": null,
              "rectangle": null
            },
            {
              "type": "organic",
              "rank_group": 16,
              "rank_absolute": 16,
              "position": "left",
              "xpath": "/html[1]/body[1]/div[3]/div[1]/div[13]/div[1]/div[1]/div[2]/div[2]/div[1]/div[1]/div[17]/div[1]/div[1]",
              "domain": "www.instagram.com",
              "title": "Adri Seo (@adriseo) · Instagram 照片和视频",
              "url": "https://www.instagram.com/adriseo/?locale=zh_CN&hl=am-et",
              "cache_url": null,
              "related_search_url": null,
              "breadcrumb": "570+ followers",
              "website_name": "Instagram · adriseo",
              "is_image": false,
              "is_video": false,
              "is_featured_snippet": false,
              "is_malicious": false,
              "is_web_story": false,
              "description": "573 位粉丝、已关注995 人、 214 篇帖子- Instagram 用户Adri Seo (@adriseo)：“Lic en Trabajo Social (UBA)”",
              "pre_snippet": null,
              "extended_snippet": null,
              "images": null,
              "amp_version": false,
              "rating": null,
              "price": null,
              "highlighted": [
                "Adri Seo",
                "adriseo"
              ],
              "links": null,
              "faq": null,
              "extended_people_also_search": null,
              "about_this_result": null,
              "related_result": null,
              "timestamp": null,
              "rectangle": null
            },
            {
              "type": "organic",
              "rank_group": 17,
              "rank_absolute": 17,
              "position": "left",
              "xpath": "/html[1]/body[1]/div[3]/div[1]/div[13]/div[1]/div[1]/div[2]/div[2]/div[1]/div[1]/div[18]/div[1]/div[1]",
              "domain": "www.crunchbase.com",
              "title": "adRise - Crunchbase Company Profile & Funding",
              "url": "https://www.crunchbase.com/organization/adrise",
              "cache_url": null,
              "related_search_url": null,
              "breadcrumb": "https://www.crunchbase.com › organization › adrise",
              "website_name": "Crunchbase",
              "is_image": false,
              "is_video": false,
              "is_featured_snippet": false,
              "is_malicious": false,
              "is_web_story": false,
              "description": "AdRise is an internet TV ad platform that distributes and monetizes TV shows and movies by partnering with premium content owners.",
              "pre_snippet": null,
              "extended_snippet": null,
              "images": null,
              "amp_version": false,
              "rating": null,
              "price": null,
              "highlighted": [
                "AdRise"
              ],
              "links": null,
              "faq": null,
              "extended_people_also_search": null,
              "about_this_result": null,
              "related_result": null,
              "timestamp": null,
              "rectangle": null
            },
            {
              "type": "organic",
              "rank_group": 18,
              "rank_absolute": 18,
              "position": "left",
              "xpath": "/html[1]/body[1]/div[3]/div[1]/div[13]/div[1]/div[1]/div[2]/div[2]/div[1]/div[1]/div[19]/div[1]/div[1]",
              "domain": "adrise.ai",
              "title": "Adrise AI",
              "url": "https://adrise.ai/",
              "cache_url": null,
              "related_search_url": null,
              "breadcrumb": "https://adrise.ai",
              "website_name": "adrise.ai",
              "is_image": false,
              "is_video": false,
              "is_featured_snippet": false,
              "is_malicious": false,
              "is_web_story": false,
              "description": "BOOSTING YOUR PRODUCT. First ai to replace marketing agencies. Lay back and let AI audit your campaigns, boost your SEO, and generate social media posts ...",
              "pre_snippet": null,
              "extended_snippet": null,
              "images": null,
              "amp_version": false,
              "rating": null,
              "price": null,
              "highlighted": null,
              "links": null,
              "faq": null,
              "extended_people_also_search": null,
              "about_this_result": null,
              "related_result": null,
              "timestamp": null,
              "rectangle": null
            },
            {
              "type": "organic",
              "rank_group": 19,
              "rank_absolute": 19,
              "position": "left",
              "xpath": "/html[1]/body[1]/div[3]/div[1]/div[13]/div[1]/div[1]/div[2]/div[2]/div[1]/div[1]/div[20]/div[1]/div[1]",
              "domain": "kr.linkedin.com",
              "title": "AdRise, Inc",
              "url": "https://kr.linkedin.com/company/adrise-inc",
              "cache_url": null,
              "related_search_url": null,
              "breadcrumb": "960+ followers",
              "website_name": "LinkedIn · AdRise, Inc",
              "is_image": false,
              "is_video": false,
              "is_featured_snippet": false,
              "is_malicious": false,
              "is_web_story": false,
              "description": "AdRise, Inc | LinkedIn 팔로워 967명 | adRise is the largest provider of video-on-demand applications on connected devices. They partner with premium content ...",
              "pre_snippet": null,
              "extended_snippet": null,
              "images": null,
              "amp_version": false,
              "rating": null,
              "price": null,
              "highlighted": [
                "AdRise",
                "adRise"
              ],
              "links": null,
              "faq": null,
              "extended_people_also_search": null,
              "about_this_result": null,
              "related_result": null,
              "timestamp": null,
              "rectangle": null
            },
            {
              "type": "organic",
              "rank_group": 20,
              "rank_absolute": 20,
              "position": "left",
              "xpath": "/html[1]/body[1]/div[3]/div[1]/div[13]/div[1]/div[1]/div[2]/div[2]/div[1]/div[1]/div[21]/div[1]/div[1]",
              "domain": "www.bloomberg.com",
              "title": "adRise Inc - Company Profile and News",
              "url": "https://www.bloomberg.com/profile/company/0617505D:US",
              "cache_url": null,
              "related_search_url": null,
              "breadcrumb": "https://www.bloomberg.com › profile › company",
              "website_name": "Bloomberg.com",
              "is_image": false,
              "is_video": false,
              "is_featured_snippet": false,
              "is_malicious": false,
              "is_web_story": false,
              "description": "Company profile page for adRise Inc including stock price, company news, executives, board members, and contact information.",
              "pre_snippet": null,
              "extended_snippet": null,
              "images": null,
              "amp_version": false,
              "rating": null,
              "price": null,
              "highlighted": [
                "adRise"
              ],
              "links": null,
              "faq": null,
              "extended_people_also_search": null,
              "about_this_result": null,
              "related_result": null,
              "timestamp": null,
              "rectangle": null
            },
            {
              "type": "organic",
              "rank_group": 21,
              "rank_absolute": 21,
              "position": "left",
              "xpath": "/html[1]/body[1]/div[3]/div[1]/div[13]/div[1]/div[1]/div[2]/div[2]/div[1]/div[1]/div[22]/div[1]/div[1]",
              "domain": "www.cbinsights.com",
              "title": "adRise - Products, Competitors, Financials, Employees ...",
              "url": "https://www.cbinsights.com/company/adrise1",
              "cache_url": null,
              "related_search_url": null,
              "breadcrumb": "https://www.cbinsights.com › company › adrise1",
              "website_name": "CB Insights",
              "is_image": false,
              "is_video": false,
              "is_featured_snippet": false,
              "is_malicious": false,
              "is_web_story": false,
              "description": "adRise is a leading provider of video-on-demand applications for connected devices within the digital advertising and media distribution industry.",
              "pre_snippet": null,
              "extended_snippet": null,
              "images": null,
              "amp_version": false,
              "rating": null,
              "price": null,
              "highlighted": [
                "adRise"
              ],
              "links": null,
              "faq": null,
              "extended_people_also_search": null,
              "about_this_result": null,
              "related_result": null,
              "timestamp": null,
              "rectangle": null
            },
            {
              "type": "organic",
              "rank_group": 22,
              "rank_absolute": 22,
              "position": "left",
              "xpath": "/html[1]/body[1]/div[3]/div[1]/div[13]/div[1]/div[1]/div[2]/div[2]/div[1]/div[1]/div[23]/div[1]/div[1]",
              "domain": "adrisedigit.com",
              "title": "Adrise Digital Limited",
              "url": "https://adrisedigit.com/",
              "cache_url": null,
              "related_search_url": null,
              "breadcrumb": "https://adrisedigit.com",
              "website_name": "adrisedigit.com",
              "is_image": false,
              "is_video": false,
              "is_featured_snippet": false,
              "is_malicious": false,
              "is_web_story": false,
              "description": "We are confident in our capabilities to provide high-quality digital marketing services across the spectrum. We are dynamic team, striving for knowledge.",
              "pre_snippet": null,
              "extended_snippet": null,
              "images": null,
              "amp_version": false,
              "rating": null,
              "price": null,
              "highlighted": null,
              "links": null,
              "faq": null,
              "extended_people_also_search": null,
              "about_this_result": null,
              "related_result": null,
              "timestamp": null,
              "rectangle": null
            },
            {
              "type": "organic",
              "rank_group": 23,
              "rank_absolute": 23,
              "position": "left",
              "xpath": "/html[1]/body[1]/div[3]/div[1]/div[13]/div[1]/div[1]/div[2]/div[2]/div[1]/div[1]/div[24]/div[1]/div[1]",
              "domain": "theirstack.com",
              "title": "List of companies that use adRise in United States (1)",
              "url": "https://theirstack.com/en/technology/adrise/us",
              "cache_url": null,
              "related_search_url": null,
              "breadcrumb": "https://theirstack.com › ... › Companies that use adRise",
              "website_name": "TheirStack.com",
              "is_image": false,
              "is_video": false,
              "is_featured_snippet": false,
              "is_malicious": false,
              "is_web_story": false,
              "description": "Download a list of 1 companies that use adRise in United States which includes industry, size, location, funding, revenue...",
              "pre_snippet": null,
              "extended_snippet": null,
              "images": null,
              "amp_version": false,
              "rating": null,
              "price": null,
              "highlighted": [
                "adRise"
              ],
              "links": null,
              "faq": null,
              "extended_people_also_search": null,
              "about_this_result": null,
              "related_result": null,
              "timestamp": null,
              "rectangle": null
            },
            {
              "type": "organic",
              "rank_group": 24,
              "rank_absolute": 24,
              "position": "left",
              "xpath": "/html[1]/body[1]/div[3]/div[1]/div[13]/div[1]/div[1]/div[2]/div[2]/div[1]/div[1]/div[25]/div[1]/div[1]",
              "domain": "twitter.com",
              "title": "adri seo",
              "url": "https://twitter.com/adriseo2003/status/1726963993808662744",
              "cache_url": null,
              "related_search_url": null,
              "breadcrumb": "1 like  ·  1 year ago",
              "website_name": "X · adriseo2003",
              "is_image": false,
              "is_video": false,
              "is_featured_snippet": false,
              "is_malicious": false,
              "is_web_story": false,
              "description": "adri seo · @adriseo2003. Por dios que odio a los que votaron a milei , a ver , bancate 4 años y volve a votar , como yo que le banque todos los ...",
              "pre_snippet": null,
              "extended_snippet": null,
              "images": null,
              "amp_version": false,
              "rating": null,
              "price": null,
              "highlighted": [
                "adri seo"
              ],
              "links": null,
              "faq": null,
              "extended_people_also_search": null,
              "about_this_result": null,
              "related_result": null,
              "timestamp": null,
              "rectangle": null
            },
            {
              "type": "organic",
              "rank_group": 25,
              "rank_absolute": 25,
              "position": "left",
              "xpath": "/html[1]/body[1]/div[3]/div[1]/div[13]/div[1]/div[1]/div[2]/div[2]/div[1]/div[1]/div[26]/div[1]/div[1]",
              "domain": "x.com",
              "title": "adRise (@ad_Rise) / X",
              "url": "https://x.com/ad_rise?lang=ar",
              "cache_url": null,
              "related_search_url": null,
              "breadcrumb": "https://x.com › ad_rise",
              "website_name": "x.com",
              "is_image": false,
              "is_video": false,
              "is_featured_snippet": false,
              "is_malicious": false,
              "is_web_story": false,
              "description": "Tubi TV, the leading free video streaming service, announced today that it has entered into a licensing agreement with Paramount Pictures to bring more than 50 ...",
              "pre_snippet": null,
              "extended_snippet": null,
              "images": null,
              "amp_version": false,
              "rating": null,
              "price": null,
              "highlighted": null,
              "links": null,
              "faq": null,
              "extended_people_also_search": null,
              "about_this_result": null,
              "related_result": null,
              "timestamp": null,
              "rectangle": null
            },
            {
              "type": "organic",
              "rank_group": 26,
              "rank_absolute": 26,
              "position": "left",
              "xpath": "/html[1]/body[1]/div[3]/div[1]/div[13]/div[1]/div[1]/div[2]/div[2]/div[1]/div[1]/div[27]/div[1]/div[1]",
              "domain": "www.wordunscrambler.net",
              "title": "Permutations of EARSDOI",
              "url": "https://www.wordunscrambler.net/permutations-of.aspx?word=earsdoi&page=4",
              "cache_url": null,
              "related_search_url": null,
              "breadcrumb": "https://www.wordunscrambler.net › permutations-of",
              "website_name": "Word Unscrambler - Unscramble Words & Letters Instantly",
              "is_image": false,
              "is_video": false,
              "is_featured_snippet": false,
              "is_malicious": false,
              "is_web_story": false,
              "description": "... adriseo adrisoe adrioes adriose adseroi adserio adseori adseoir adseiro adseior adsreoi adsreio adsroei adsroie adsrieo adsrioe adsoeri adsoeir adsorei ...",
              "pre_snippet": null,
              "extended_snippet": null,
              "images": null,
              "amp_version": false,
              "rating": null,
              "price": null,
              "highlighted": [
                "adriseo"
              ],
              "links": null,
              "faq": null,
              "extended_people_also_search": null,
              "about_this_result": null,
              "related_result": null,
              "timestamp": null,
              "rectangle": null
            },
            {
              "type": "organic",
              "rank_group": 27,
              "rank_absolute": 27,
              "position": "left",
              "xpath": "/html[1]/body[1]/div[3]/div[1]/div[13]/div[1]/div[1]/div[2]/div[2]/div[1]/div[1]/div[28]/div[1]/div[1]",
              "domain": "twitter.com",
              "title": "Emilio castro y Montiel , más de 24 horas sin luz",
              "url": "https://twitter.com/adriseo2003/status/1477385725792428032",
              "cache_url": null,
              "related_search_url": null,
              "breadcrumb": "2 likes  ·  3 years ago",
              "website_name": "X · adriseo2003",
              "is_image": false,
              "is_video": false,
              "is_featured_snippet": false,
              "is_malicious": false,
              "is_web_story": false,
              "description": "adri seo · @adriseo2003. Emilio castro y Montiel , más de 24 horas sin luz. Translate post. Image. 9:06 PM · Jan 1, 2022.",
              "pre_snippet": null,
              "extended_snippet": null,
              "images": null,
              "amp_version": false,
              "rating": null,
              "price": null,
              "highlighted": [
                "adri seo"
              ],
              "links": null,
              "faq": null,
              "extended_people_also_search": null,
              "about_this_result": null,
              "related_result": null,
              "timestamp": null,
              "rectangle": null
            },
            {
              "type": "organic",
              "rank_group": 28,
              "rank_absolute": 28,
              "position": "left",
              "xpath": "/html[1]/body[1]/div[3]/div[1]/div[13]/div[1]/div[1]/div[2]/div[2]/div[1]/div[1]/div[29]/div[1]/div[1]",
              "domain": "www.hastings.gov.uk",
              "title": "Inspection guide - Animals for Exhibition",
              "url": "https://www.hastings.gov.uk/webpage/DownloadFile/FOIR-271767546?filename=FOIR-271767546_FOIR-271767546_1-FOI271767546_(1)_Inspection_report_171120_Redacted.pdf",
              "cache_url": null,
              "related_search_url": null,
              "breadcrumb": "https://www.hastings.gov.uk › FOIR-271767546",
              "website_name": "Hastings Borough Council",
              "is_image": false,
              "is_video": false,
              "is_featured_snippet": false,
              "is_malicious": false,
              "is_web_story": false,
              "description": "Adriseo record keeping to be undertaken. in future. Page 8 of 9. Inspection guide - Animals for Exhibition. V1. Page 9. (8) The animals must not be handled by ...",
              "pre_snippet": null,
              "extended_snippet": null,
              "images": null,
              "amp_version": false,
              "rating": null,
              "price": null,
              "highlighted": [
                "Adriseo"
              ],
              "links": null,
              "faq": null,
              "extended_people_also_search": null,
              "about_this_result": null,
              "related_result": null,
              "timestamp": null,
              "rectangle": null
            },
            {
              "type": "organic",
              "rank_group": 29,
              "rank_absolute": 29,
              "position": "left",
              "xpath": "/html[1]/body[1]/div[3]/div[1]/div[13]/div[1]/div[1]/div[2]/div[2]/div[1]/div[1]/div[30]/div[1]/div[1]",
              "domain": "adriseo.ongloat.com",
              "title": "Chantal Sempach - umweltnetz-schweiz.ch",
              "url": "https://adriseo.ongloat.com/author/chantal/",
              "cache_url": null,
              "related_search_url": null,
              "breadcrumb": "https://adriseo.ongloat.com › author",
              "website_name": "umweltnetz-schweiz.ch",
              "is_image": false,
              "is_video": false,
              "is_featured_snippet": false,
              "is_malicious": false,
              "is_web_story": false,
              "description": "Umwelt- und Klimaschutz ist für viele junge Schweizerinnen und Schweizer ein wichtiges gesellschaftliches Thema. Umweltnetz-Schweiz will genauer wissen, ...",
              "pre_snippet": null,
              "extended_snippet": null,
              "images": null,
              "amp_version": false,
              "rating": null,
              "price": null,
              "highlighted": null,
              "links": null,
              "faq": null,
              "extended_people_also_search": null,
              "about_this_result": null,
              "related_result": null,
              "timestamp": null,
              "rectangle": null
            },
            {
              "type": "organic",
              "rank_group": 30,
              "rank_absolute": 30,
              "position": "left",
              "xpath": "/html[1]/body[1]/div[3]/div[1]/div[13]/div[1]/div[1]/div[2]/div[2]/div[1]/div[1]/div[31]/div[1]/div[1]/div[1]",
              "domain": "sites.google.com",
              "title": "Accueil",
              "url": "https://sites.google.com/site/associationadrise/",
              "cache_url": null,
              "related_search_url": null,
              "breadcrumb": "https://sites.google.com › site › ass...",
              "website_name": "Google Sites",
              "is_image": false,
              "is_video": false,
              "is_featured_snippet": false,
              "is_malicious": false,
              "is_web_story": false,
              "description": "L'ADRISE est une association loi 1901 à but non lucratif, animée par des ... La Présidente de l'ADRISE. Contournement Nord de Tarbes : Ce projet avance ...",
              "pre_snippet": null,
              "extended_snippet": null,
              "images": null,
              "amp_version": false,
              "rating": null,
              "price": null,
              "highlighted": [
                "ADRISE"
              ],
              "links": null,
              "faq": null,
              "extended_people_also_search": null,
              "about_this_result": null,
              "related_result": null,
              "timestamp": null,
              "rectangle": null
            },
            {
              "type": "images",
              "rank_group": 1,
              "rank_absolute": 31,
              "position": "left",
              "xpath": "/html[1]/body[1]/div[3]/div[1]/div[13]/div[1]/div[1]/div[2]/div[2]/div[1]/div[1]/div[32]/div[1]",
              "title": "Images",
              "url": "https://www.google.com/search?num=100&sca_esv=d0580cbe2d2c330e&hl=en&gl=US&glp=1&q=adriseo&udm=2&source=univ&fir=nqMjwQ-HJySUwM%252Ctb5vcmTgXfbi2M%252C_%253BTnEHI5cMFD3LYM%252CWiRSzm0o1g2yzM%252C_%253BdIQ6Nt5eVMrFJM%252CWiRSzm0o1g2yzM%252C_%253BdfBnZfj821EwOM%252Cl1cAFNLn0OGURM%252C_%253B0PO5h3Ln7DH2oM%252Cl1cAFNLn0OGURM%252C_%253BJQ6SDJeKU3ty8M%252Cl1cAFNLn0OGURM%252C_%253B9Xt76Vl9oA124M%252CiWXgNlG3XUJkpM%252C_%253BYDV6s_TWEgj9WM%252C9dhgA3yuB5rv7M%252C_%253Bo_v97wSH2OqDeM%252Cl1cAFNLn0OGURM%252C_&usg=AI4_-kQlsJEsECO2WIDZkKIUVrFMfRXMsA&sa=X&ved=2ahUKEwibwv6cv_qKAxXtIEQIHe_VJCsQ7Al6BAhoEAY",
              "items": [
                {
                  "type": "images_element",
                  "alt": "Adrien Cappelaere - Global Digital Strategist",
                  "url": "https://adriseo.com/now/",
                  "image_url": "https://api.dataforseo.com/cdn/i/01161652-3378-0139-0000-5c0f4d898acd:0"
                },
                {
                  "type": "images_element",
                  "alt": "Adrien Cappelaere - Global Digital Strategist",
                  "url": "https://adriseo.com/",
                  "image_url": "https://api.dataforseo.com/cdn/i/01161652-3378-0139-0000-5c0f4d898acd:1"
                },
                {
                  "type": "images_element",
                  "alt": "Adrien Cappelaere - Global Digital Strategist",
                  "url": "https://adriseo.com/",
                  "image_url": "https://api.dataforseo.com/cdn/i/01161652-3378-0139-0000-5c0f4d898acd:2"
                },
                {
                  "type": "images_element",
                  "alt": "Animal nutrition | Adisseo",
                  "url": "https://www.adisseo.com/en/",
                  "image_url": "https://encrypted-tbn0.gstatic.com/images?q=tbn:ANd9GcQzAOy3zafidYwXgotKqDi7P3bzd_wIgoaA9ar_Ji-Kz7BgaXJK6AeODws&s"
                },
                {
                  "type": "images_element",
                  "alt": "Animal nutrition | Adisseo",
                  "url": "https://www.adisseo.com/en/",
                  "image_url": "https://encrypted-tbn0.gstatic.com/images?q=tbn:ANd9GcRN387BCzgYVnbrwg-3o7x2PJDGrDCjrUioDsylTQAcaFTg2Tbm9R8ZgZE&s"
                },
                {
                  "type": "images_element",
                  "alt": "Animal nutrition | Adisseo",
                  "url": "https://www.adisseo.com/en/",
                  "image_url": "https://encrypted-tbn0.gstatic.com/images?q=tbn:ANd9GcQUe0D4d4XrcGQA3twC5KTCtrQCgh5okOeKgOAkkXrCcINDv6f6VChv7AY&s"
                },
                {
                  "type": "images_element",
                  "alt": "Nutritional solutions and additives for animal feed - Adisseo",
                  "url": "https://www.adisseo.com/en/products-and-services/",
                  "image_url": "https://encrypted-tbn0.gstatic.com/images?q=tbn:ANd9GcRr3L4LqTIxTKwF73q6-OjIZ7UUkWccvPYjWxHukPiiD1a5A42sRmeX2vc&s"
                },
                {
                  "type": "images_element",
                  "alt": "Adriana Seoane (Adriseo) - Profile | Pinterest",
                  "url": "https://es.pinterest.com/adriseo/",
                  "image_url": "https://encrypted-tbn0.gstatic.com/images?q=tbn:ANd9GcTxWhlLeBykI3bvmIBY5Hrzj7W2kmDR4gwgefc1WB8P_1Dl9GdqpVHmgOU&s"
                },
                {
                  "type": "images_element",
                  "alt": "Animal nutrition | Adisseo",
                  "url": "https://www.adisseo.com/en/",
                  "image_url": "https://encrypted-tbn0.gstatic.com/images?q=tbn:ANd9GcQNqPDtalx3rMU3wH7n13MwYY9FSVg45e0kD_zKkPlssDahvZFSfsskHQE&s"
                }
              ],
              "related_image_searches": null,
              "rectangle": null
            },
            {
              "type": "organic",
              "rank_group": 31,
              "rank_absolute": 32,
              "position": "left",
              "xpath": "/html[1]/body[1]/div[3]/div[1]/div[13]/div[1]/div[1]/div[2]/div[2]/div[1]/div[1]/div[33]/div[1]/div[1]",
              "domain": "www.tiktok.com",
              "title": "hannihair",
              "url": "https://www.tiktok.com/tag/hannihair",
              "cache_url": null,
              "related_search_url": null,
              "breadcrumb": "https://www.tiktok.com › tag › hannihair",
              "website_name": "TikTok",
              "is_image": false,
              "is_video": false,
              "is_featured_snippet": false,
              "is_malicious": false,
              "is_web_story": false,
              "description": "... ADRI @seo. original sound - mfhaerins. 690Likes. 7Comments. 15Shares. luvmmary_. M ♡. I can imagine friend groups wearing different colour butterfly it would be ...",
              "pre_snippet": null,
              "extended_snippet": null,
              "images": null,
              "amp_version": false,
              "rating": null,
              "price": null,
              "highlighted": [
                "ADRI @seo"
              ],
              "links": null,
              "faq": null,
              "extended_people_also_search": null,
              "about_this_result": null,
              "related_result": null,
              "timestamp": null,
              "rectangle": null
            },
            {
              "type": "organic",
              "rank_group": 32,
              "rank_absolute": 33,
              "position": "left",
              "xpath": "/html[1]/body[1]/div[3]/div[1]/div[13]/div[1]/div[1]/div[2]/div[2]/div[1]/div[1]/div[34]/div[1]/div[1]",
              "domain": "adrisefashionhouseinc.com",
              "title": "Adrise Fashion House",
              "url": "https://adrisefashionhouseinc.com/?srsltid=AfmBOoqyS72uZjfYGMXNMlp9hyabiCoZY5Qe5_OUvJ2vJv_LQ_Zb6L5b",
              "cache_url": null,
              "related_search_url": null,
              "breadcrumb": "https://adrisefashionhouseinc.com",
              "website_name": "Adrise Fashion House Inc",
              "is_image": false,
              "is_video": false,
              "is_featured_snippet": false,
              "is_malicious": false,
              "is_web_story": false,
              "description": "Address: 3 Washington St, Boston, MA , 02121, US Email: ceo@adrisefashionhouseinc.com Phone: +1(617) 319 0137",
              "pre_snippet": null,
              "extended_snippet": null,
              "images": null,
              "amp_version": false,
              "rating": null,
              "price": {
                "current": 14,
                "regular": null,
                "max_value": null,
                "currency": "USD",
                "is_price_range": false,
                "displayed_price": "$14 delivery"
              },
              "highlighted": null,
              "links": null,
              "faq": null,
              "extended_people_also_search": null,
              "about_this_result": null,
              "related_result": null,
              "timestamp": null,
              "rectangle": null
            },
            {
              "type": "organic",
              "rank_group": 33,
              "rank_absolute": 34,
              "position": "left",
              "xpath": "/html[1]/body[1]/div[3]/div[1]/div[13]/div[1]/div[1]/div[2]/div[2]/div[1]/div[1]/div[35]/div[1]/div[1]",
              "domain": "chorri.club",
              "title": "SEO CON TILDE O SIN TILDE",
              "url": "https://chorri.club/foros/tema/seo-con-tilde-o-sin-tilde/",
              "cache_url": null,
              "related_search_url": null,
              "breadcrumb": "https://chorri.club › foros › tema",
              "website_name": "ChorriClub",
              "is_image": false,
              "is_video": false,
              "is_featured_snippet": false,
              "is_malicious": false,
              "is_web_story": false,
              "description": "@adriseo Efectivamente con Gijón, apenas se nota la diferencia. Pero en ciertos idiomas que tiene más tipos de tildes, o incluso letras raras… te aseguro ...",
              "pre_snippet": null,
              "extended_snippet": null,
              "images": null,
              "amp_version": false,
              "rating": null,
              "price": null,
              "highlighted": [
                "adriseo"
              ],
              "links": null,
              "faq": null,
              "extended_people_also_search": null,
              "about_this_result": null,
              "related_result": null,
              "timestamp": null,
              "rectangle": null
            },
            {
              "type": "organic",
              "rank_group": 34,
              "rank_absolute": 35,
              "position": "left",
              "xpath": "/html[1]/body[1]/div[3]/div[1]/div[13]/div[1]/div[1]/div[2]/div[2]/div[1]/div[1]/div[36]/div[1]/div[1]/div[1]",
              "domain": "www.youtube.com",
              "title": "WARZONE: TEAM IS BACK",
              "url": "https://www.youtube.com/watch?v=UZpV1gHqlm0",
              "cache_url": null,
              "related_search_url": null,
              "breadcrumb": "1 month ago",
              "website_name": "YouTube · _auqui",
              "is_image": false,
              "is_video": true,
              "is_featured_snippet": false,
              "is_malicious": false,
              "is_web_story": false,
              "description": null,
              "pre_snippet": null,
              "extended_snippet": null,
              "images": null,
              "amp_version": false,
              "rating": null,
              "price": null,
              "highlighted": null,
              "links": null,
              "faq": null,
              "extended_people_also_search": null,
              "about_this_result": null,
              "related_result": null,
              "timestamp": "2024-12-17 00:00:00 +00:00",
              "rectangle": null
            },
            {
              "type": "organic",
              "rank_group": 35,
              "rank_absolute": 36,
              "position": "left",
              "xpath": "/html[1]/body[1]/div[3]/div[1]/div[13]/div[1]/div[1]/div[2]/div[2]/div[1]/div[1]/div[37]/div[1]/div[1]",
              "domain": "www.wordunscrambler.net",
              "title": "Unscrambled 247 words from letters in DARIESO",
              "url": "https://www.wordunscrambler.net/?word=darieso",
              "cache_url": null,
              "related_search_url": null,
              "breadcrumb": "https://www.wordunscrambler.net › ...",
              "website_name": "Word Unscrambler - Unscramble Words & Letters Instantly",
              "is_image": false,
              "is_video": false,
              "is_featured_snippet": false,
              "is_malicious": false,
              "is_web_story": false,
              "description": "... ADRISEO AIDRESO RASEIDO IADRSEO DAISREO RIDEASO EDAIRSO ISRDEAO SDEAIRO AEISDRO EIASRDO DSIRAEO ASRIDEO RAIESDO IRSDAEO RAEDISO DREIASO EDRSIAO RSAEIDO ...",
              "pre_snippet": null,
              "extended_snippet": null,
              "images": null,
              "amp_version": false,
              "rating": null,
              "price": null,
              "highlighted": [
                "ADRISEO"
              ],
              "links": null,
              "faq": null,
              "extended_people_also_search": null,
              "about_this_result": null,
              "related_result": null,
              "timestamp": null,
              "rectangle": null
            },
            {
              "type": "organic",
              "rank_group": 36,
              "rank_absolute": 37,
              "position": "left",
              "xpath": "/html[1]/body[1]/div[3]/div[1]/div[13]/div[1]/div[1]/div[2]/div[2]/div[1]/div[1]/div[38]/div[1]/div[1]",
              "domain": "www.iowa-city.org",
              "title": "Council Minutes, 1988 - The City of Iowa City",
              "url": "https://www.iowa-city.org/WebLink/DocView.aspx?id=1805696&dbid=0&repo=CityofIowaCity",
              "cache_url": null,
              "related_search_url": null,
              "breadcrumb": "https://www.iowa-city.org › WebLink › DocView",
              "website_name": "iowa-city.org",
              "is_image": false,
              "is_video": false,
              "is_featured_snippet": false,
              "is_malicious": false,
              "is_web_story": false,
              "description": "- Coacilnm6ers present: Adriseo, Courtney, Dirksm, Ibrddtz, Larsen, MDmald, Strait. .  . -. /&—t: he Mawr' delivered his State of -the City ...",
              "pre_snippet": "09/14/2018 00:00:00",
              "extended_snippet": null,
              "images": null,
              "amp_version": false,
              "rating": null,
              "price": null,
              "highlighted": [
                "Adriseo"
              ],
              "links": null,
              "faq": null,
              "extended_people_also_search": null,
              "about_this_result": null,
              "related_result": null,
              "timestamp": "2018-09-14 00:00:00 +00:00",
              "rectangle": null
            },
            {
              "type": "organic",
              "rank_group": 37,
              "rank_absolute": 38,
              "position": "left",
              "xpath": "/html[1]/body[1]/div[3]/div[1]/div[13]/div[1]/div[1]/div[2]/div[2]/div[1]/div[1]/div[39]/div[1]/div[1]",
              "domain": "x.com",
              "title": "Adrise (@AdriseAI) / X",
              "url": "https://x.com/AdriseAI",
              "cache_url": null,
              "related_search_url": null,
              "breadcrumb": "https://x.com › AdriseAI",
              "website_name": "x.com",
              "is_image": false,
              "is_video": false,
              "is_featured_snippet": false,
              "is_malicious": false,
              "is_web_story": false,
              "description": "2 days ago",
              "pre_snippet": "2 days ago",
              "extended_snippet": null,
              "images": null,
              "amp_version": false,
              "rating": null,
              "price": null,
              "highlighted": null,
              "links": null,
              "faq": null,
              "extended_people_also_search": null,
              "about_this_result": null,
              "related_result": null,
              "timestamp": "2025-01-14 14:53:06 +00:00",
              "rectangle": null
            },
            {
              "type": "organic",
              "rank_group": 38,
              "rank_absolute": 39,
              "position": "left",
              "xpath": "/html[1]/body[1]/div[3]/div[1]/div[13]/div[1]/div[1]/div[2]/div[2]/div[1]/div[1]/div[40]/div[1]/div[1]",
              "domain": "adriseup.com",
              "title": "Adrise Up",
              "url": "https://adriseup.com/",
              "cache_url": null,
              "related_search_url": null,
              "breadcrumb": "https://adriseup.com",
              "website_name": "adriseup.com",
              "is_image": false,
              "is_video": false,
              "is_featured_snippet": false,
              "is_malicious": false,
              "is_web_story": false,
              "description": "AdriseUp's Comprehensive SEO, Marketing, and Design Services. AdriseUp offers a holistic approach to digital success, combining expert SEO, strategic marketing, ...",
              "pre_snippet": null,
              "extended_snippet": null,
              "images": null,
              "amp_version": false,
              "rating": null,
              "price": null,
              "highlighted": null,
              "links": null,
              "faq": null,
              "extended_people_also_search": null,
              "about_this_result": null,
              "related_result": null,
              "timestamp": null,
              "rectangle": null
            },
            {
              "type": "organic",
              "rank_group": 39,
              "rank_absolute": 40,
              "position": "left",
              "xpath": "/html[1]/body[1]/div[3]/div[1]/div[13]/div[1]/div[1]/div[2]/div[2]/div[1]/div[1]/div[41]/div[1]/div[1]",
              "domain": "aramncreativos.com",
              "title": "Portafolio Diseño Web y Publicitario Creatividad Transforma",
              "url": "https://aramncreativos.com/",
              "cache_url": null,
              "related_search_url": null,
              "breadcrumb": "https://aramncreativos.com",
              "website_name": "aramncreativos.com",
              "is_image": false,
              "is_video": false,
              "is_featured_snippet": false,
              "is_malicious": false,
              "is_web_story": false,
              "description": "logo adri SEO Visual logo adri Código HTML5 – CSS. logo adri Responsive design. logo adri Diseño UI/UX. logo adri Optimización de páginas web. logo adri ...",
              "pre_snippet": null,
              "extended_snippet": null,
              "images": null,
              "amp_version": false,
              "rating": null,
              "price": null,
              "highlighted": [
                "adri SEO"
              ],
              "links": null,
              "faq": null,
              "extended_people_also_search": null,
              "about_this_result": null,
              "related_result": null,
              "timestamp": null,
              "rectangle": null
            },
            {
              "type": "organic",
              "rank_group": 40,
              "rank_absolute": 41,
              "position": "left",
              "xpath": "/html[1]/body[1]/div[3]/div[1]/div[13]/div[1]/div[1]/div[2]/div[2]/div[1]/div[1]/div[42]/div[1]/div[1]",
              "domain": "adrisefashionhouseinc.com",
              "title": "Clothing – Welcome to Adrise Fashion House Inc",
              "url": "https://adrisefashionhouseinc.com/product-category/clothing/?srsltid=AfmBOoqs8I7pEtnP1Q_WLt9_fhvajfTy7qTrIfv4nVZ6VhqffutAyLMm",
              "cache_url": null,
              "related_search_url": null,
              "breadcrumb": "https://adrisefashionhouseinc.com › Shop",
              "website_name": "Adrise Fashion House Inc",
              "is_image": false,
              "is_video": false,
              "is_featured_snippet": false,
              "is_malicious": false,
              "is_web_story": false,
              "description": "About Adrise. contact. Address: 3 Washington St, Boston, MA , 02121, US. Email: ceo@adrisefashionhouseinc.com. Phone: +1(617) 319 0137. Copyright 2024 by ...",
              "pre_snippet": null,
              "extended_snippet": null,
              "images": null,
              "amp_version": false,
              "rating": null,
              "price": null,
              "highlighted": [
                "Adrise"
              ],
              "links": null,
              "faq": null,
              "extended_people_also_search": null,
              "about_this_result": null,
              "related_result": null,
              "timestamp": null,
              "rectangle": null
            },
            {
              "type": "organic",
              "rank_group": 41,
              "rank_absolute": 42,
              "position": "left",
              "xpath": "/html[1]/body[1]/div[3]/div[1]/div[13]/div[1]/div[1]/div[2]/div[2]/div[1]/div[1]/div[43]/div[1]/div[1]",
              "domain": "adrisedigit.com",
              "title": "Contact - Adrise Digital Limited",
              "url": "https://adrisedigit.com/contact/",
              "cache_url": null,
              "related_search_url": null,
              "breadcrumb": "https://adrisedigit.com › contact",
              "website_name": "adrisedigit.com",
              "is_image": false,
              "is_video": false,
              "is_featured_snippet": false,
              "is_malicious": false,
              "is_web_story": false,
              "description": "1) Contact us Just fill out the contact form, and we'll start our journey to new heights of your business success.",
              "pre_snippet": null,
              "extended_snippet": null,
              "images": null,
              "amp_version": false,
              "rating": null,
              "price": null,
              "highlighted": null,
              "links": null,
              "faq": null,
              "extended_people_also_search": null,
              "about_this_result": null,
              "related_result": null,
              "timestamp": null,
              "rectangle": null
            },
            {
              "type": "organic",
              "rank_group": 42,
              "rank_absolute": 43,
              "position": "left",
              "xpath": "/html[1]/body[1]/div[3]/div[1]/div[13]/div[1]/div[1]/div[2]/div[2]/div[1]/div[1]/div[44]/div[1]/div[1]",
              "domain": "consultantseoici.com",
              "title": "Consultant SEO à Mulhouse, 68100",
              "url": "https://consultantseoici.com/ville/mulhouse_68100/",
              "cache_url": null,
              "related_search_url": null,
              "breadcrumb": "https://consultantseoici.com › ville",
              "website_name": "consultantseoici.com",
              "is_image": false,
              "is_video": false,
              "is_featured_snippet": false,
              "is_malicious": false,
              "is_web_story": false,
              "description": "Site : https://adriseo.com/. référence: R2k Signaler · Ajouter un consultant SEO à Mulhouse. Trouver un consultant SEO dans les villes à proximité de Mulhouse ...",
              "pre_snippet": null,
              "extended_snippet": null,
              "images": null,
              "amp_version": false,
              "rating": null,
              "price": null,
              "highlighted": [
                "adriseo"
              ],
              "links": null,
              "faq": null,
              "extended_people_also_search": null,
              "about_this_result": null,
              "related_result": null,
              "timestamp": null,
              "rectangle": null
            },
            {
              "type": "organic",
              "rank_group": 43,
              "rank_absolute": 44,
              "position": "left",
              "xpath": "/html[1]/body[1]/div[3]/div[1]/div[13]/div[1]/div[1]/div[2]/div[2]/div[1]/div[1]/div[45]/div[1]/div[1]/div[1]",
              "domain": "www.tiktok.com",
              "title": "#KANGHAERIN . #HANNIPHAM - AH BUHHH!! AH ...",
              "url": "https://www.tiktok.com/@mfhaerins/video/7303994627164507434",
              "cache_url": null,
              "related_search_url": null,
              "breadcrumb": "940+ views  ·  1 year ago",
              "website_name": "TikTok · mfhaerins",
              "is_image": false,
              "is_video": true,
              "is_featured_snippet": false,
              "is_malicious": false,
              "is_web_story": false,
              "description": null,
              "pre_snippet": null,
              "extended_snippet": null,
              "images": null,
              "amp_version": false,
              "rating": null,
              "price": null,
              "highlighted": null,
              "links": null,
              "faq": null,
              "extended_people_also_search": null,
              "about_this_result": null,
              "related_result": null,
              "timestamp": "2025-01-16 00:08:00 +00:00",
              "rectangle": null
            },
            {
              "type": "organic",
              "rank_group": 44,
              "rank_absolute": 45,
              "position": "left",
              "xpath": "/html[1]/body[1]/div[3]/div[1]/div[13]/div[1]/div[1]/div[2]/div[2]/div[1]/div[1]/div[46]/div[1]/div[1]",
              "domain": "www.ithistory.org",
              "title": "adRise",
              "url": "https://www.ithistory.org/db/companies/adrise",
              "cache_url": null,
              "related_search_url": null,
              "breadcrumb": "https://www.ithistory.org › companies › adrise",
              "website_name": "IT History Society",
              "is_image": false,
              "is_video": false,
              "is_featured_snippet": false,
              "is_malicious": false,
              "is_web_story": false,
              "description": "adRise is an internet TV ad platform that distributes and monetizes TV shows and movies by partnering with premium content owners.adRise is the largest ...",
              "pre_snippet": null,
              "extended_snippet": null,
              "images": null,
              "amp_version": false,
              "rating": null,
              "price": null,
              "highlighted": [
                "adRise"
              ],
              "links": null,
              "faq": null,
              "extended_people_also_search": null,
              "about_this_result": null,
              "related_result": null,
              "timestamp": null,
              "rectangle": null
            },
            {
              "type": "organic",
              "rank_group": 45,
              "rank_absolute": 46,
              "position": "left",
              "xpath": "/html[1]/body[1]/div[3]/div[1]/div[13]/div[1]/div[1]/div[2]/div[2]/div[1]/div[1]/div[47]/div[1]/div[1]/div[1]",
              "domain": "www.tiktok.com",
              "title": "and its so annoying like now im flopping 😭 #floptok ...",
              "url": "https://www.tiktok.com/@mfhaerins/video/7277890772844793134",
              "cache_url": null,
              "related_search_url": null,
              "breadcrumb": "490+ views  ·  1 year ago",
              "website_name": "TikTok · mfhaerins",
              "is_image": false,
              "is_video": true,
              "is_featured_snippet": false,
              "is_malicious": false,
              "is_web_story": false,
              "description": null,
              "pre_snippet": null,
              "extended_snippet": null,
              "images": null,
              "amp_version": false,
              "rating": null,
              "price": null,
              "highlighted": null,
              "links": null,
              "faq": null,
              "extended_people_also_search": null,
              "about_this_result": null,
              "related_result": null,
              "timestamp": "2025-01-16 00:06:00 +00:00",
              "rectangle": null
            },
            {
              "type": "organic",
              "rank_group": 46,
              "rank_absolute": 47,
              "position": "left",
              "xpath": "/html[1]/body[1]/div[3]/div[1]/div[13]/div[1]/div[1]/div[2]/div[2]/div[1]/div[1]/div[48]/div[1]/div[1]",
              "domain": "www.slideshare.net",
              "title": "OKadresy - (nejen) od UIR-ADR k RUIAN",
              "url": "https://www.slideshare.net/slideshow/o-kadresy-gis-esri/16337408",
              "cache_url": null,
              "related_search_url": null,
              "breadcrumb": "https://www.slideshare.net › o-kadr...",
              "website_name": "SlideShare",
              "is_image": false,
              "is_video": false,
              "is_featured_snippet": false,
              "is_malicious": false,
              "is_web_story": false,
              "description": "Vznik UIR-ADR ISEO-ADR (MV) DDM (ČP) Porovnání UIR.",
              "pre_snippet": "02/03/2013 00:00:00",
              "extended_snippet": null,
              "images": null,
              "amp_version": false,
              "rating": null,
              "price": null,
              "highlighted": [
                "ADR ISEO"
              ],
              "links": null,
              "faq": null,
              "extended_people_also_search": null,
              "about_this_result": null,
              "related_result": null,
              "timestamp": "2013-02-03 00:00:00 +00:00",
              "rectangle": null
            },
            {
              "type": "organic",
              "rank_group": 47,
              "rank_absolute": 48,
              "position": "left",
              "xpath": "/html[1]/body[1]/div[3]/div[1]/div[13]/div[1]/div[1]/div[2]/div[2]/div[1]/div[1]/div[49]/div[1]/div[1]",
              "domain": "www.dictionary.ipt.pw",
              "title": "Login | Dofollow Social Bookmarking Sites 2016",
              "url": "http://www.dictionary.ipt.pw/login.php?return=%2Fuser%2Fadriseo%2F",
              "cache_url": null,
              "related_search_url": null,
              "breadcrumb": "http://www.dictionary.ipt.pw › login › user › adriseo",
              "website_name": "ipt.pw",
              "is_image": false,
              "is_video": false,
              "is_featured_snippet": false,
              "is_malicious": false,
              "is_web_story": false,
              "description": "iPt.pw is an open source content management system that lets you easily create your own user-powered website.",
              "pre_snippet": null,
              "extended_snippet": null,
              "images": null,
              "amp_version": false,
              "rating": null,
              "price": null,
              "highlighted": null,
              "links": null,
              "faq": null,
              "extended_people_also_search": null,
              "about_this_result": null,
              "related_result": null,
              "timestamp": null,
              "rectangle": null
            },
            {
              "type": "organic",
              "rank_group": 48,
              "rank_absolute": 49,
              "position": "left",
              "xpath": "/html[1]/body[1]/div[3]/div[1]/div[13]/div[1]/div[1]/div[2]/div[2]/div[1]/div[1]/div[50]/div[1]/div[1]/div[1]",
              "domain": "www.tiktok.com",
              "title": "lil tay is poppin off rn fr #liltay #fyp #myhqnni #trending #trendy ...",
              "url": "https://www.tiktok.com/@mfhaerins/video/7285006132014337326",
              "cache_url": null,
              "related_search_url": null,
              "breadcrumb": "630+ views  ·  1 year ago",
              "website_name": "TikTok · mfhaerins",
              "is_image": false,
              "is_video": true,
              "is_featured_snippet": false,
              "is_malicious": false,
              "is_web_story": false,
              "description": null,
              "pre_snippet": null,
              "extended_snippet": null,
              "images": null,
              "amp_version": false,
              "rating": null,
              "price": null,
              "highlighted": null,
              "links": null,
              "faq": null,
              "extended_people_also_search": null,
              "about_this_result": null,
              "related_result": null,
              "timestamp": "2025-01-16 00:08:00 +00:00",
              "rectangle": null
            },
            {
              "type": "organic",
              "rank_group": 49,
              "rank_absolute": 50,
              "position": "left",
              "xpath": "/html[1]/body[1]/div[3]/div[1]/div[13]/div[1]/div[1]/div[2]/div[2]/div[1]/div[1]/div[51]/div[1]/div[1]/div[1]",
              "domain": "www.tiktok.com",
              "title": "#KANGHAERIN - PICK UP THAA PHONEEE 😩😩 | lol im ...",
              "url": "https://www.tiktok.com/@jughaerin/video/7370802427995360558",
              "cache_url": null,
              "related_search_url": null,
              "breadcrumb": "3.3K+ views  ·  8 months ago",
              "website_name": "TikTok · jughaerin",
              "is_image": false,
              "is_video": true,
              "is_featured_snippet": false,
              "is_malicious": false,
              "is_web_story": false,
              "description": null,
              "pre_snippet": null,
              "extended_snippet": null,
              "images": null,
              "amp_version": false,
              "rating": null,
              "price": null,
              "highlighted": null,
              "links": null,
              "faq": null,
              "extended_people_also_search": null,
              "about_this_result": null,
              "related_result": null,
              "timestamp": "2025-01-16 00:10:00 +00:00",
              "rectangle": null
            },
            {
              "type": "organic",
              "rank_group": 50,
              "rank_absolute": 51,
              "position": "left",
              "xpath": "/html[1]/body[1]/div[3]/div[1]/div[13]/div[1]/div[1]/div[2]/div[2]/div[1]/div[1]/div[52]/div[1]/div[1]/div[1]",
              "domain": "www.tiktok.com",
              "title": "#LEEHYEIN - hyein the hairographer #fyp #leehyein #vo1tgrp ...",
              "url": "https://www.tiktok.com/@jughaerin/video/7319641232139963691",
              "cache_url": null,
              "related_search_url": null,
              "breadcrumb": "1.8K+ views  ·  1 year ago",
              "website_name": "TikTok · jughaerin",
              "is_image": false,
              "is_video": true,
              "is_featured_snippet": false,
              "is_malicious": false,
              "is_web_story": false,
              "description": null,
              "pre_snippet": null,
              "extended_snippet": null,
              "images": null,
              "amp_version": false,
              "rating": null,
              "price": null,
              "highlighted": null,
              "links": null,
              "faq": null,
              "extended_people_also_search": null,
              "about_this_result": null,
              "related_result": null,
              "timestamp": "2025-01-16 00:11:00 +00:00",
              "rectangle": null
            },
            {
              "type": "organic",
              "rank_group": 51,
              "rank_absolute": 52,
              "position": "left",
              "xpath": "/html[1]/body[1]/div[3]/div[1]/div[13]/div[1]/div[1]/div[2]/div[2]/div[1]/div[1]/div[53]/div[1]/div[1]/div[1]/div[1]",
              "domain": "www.tiktok.com",
              "title": "i would be moving too #jayparkisoverparty #jaypark ...",
              "url": "https://www.tiktok.com/@jughaerin/video/7275384605769731371",
              "cache_url": null,
              "related_search_url": null,
              "breadcrumb": "550+ views  ·  1 year ago",
              "website_name": "TikTok · jughaerin",
              "is_image": false,
              "is_video": true,
              "is_featured_snippet": false,
              "is_malicious": false,
              "is_web_story": false,
              "description": null,
              "pre_snippet": null,
              "extended_snippet": null,
              "images": null,
              "amp_version": false,
              "rating": null,
              "price": null,
              "highlighted": null,
              "links": null,
              "faq": null,
              "extended_people_also_search": null,
              "about_this_result": null,
              "related_result": null,
              "timestamp": "2025-01-16 00:08:00 +00:00",
              "rectangle": null
            },
            {
              "type": "related_searches",
              "rank_group": 1,
              "rank_absolute": 53,
              "position": "left",
              "xpath": "/html[1]/body[1]/div[3]/div[1]/div[13]/div[1]/div[1]/div[4]/div[1]/div[2]/div[2]/div[1]/div[1]/div[1]/div[2]",
              "items": [
                "Adriseo reviews",
                "Adisseo headquarters",
                "Adisseo products",
                "Bluestar Adisseo",
                "Adisseo wiki",
                "Adisseo poultry",
                "Adisseo LinkedIn",
                "Adisseo careers"
              ],
              "rectangle": null
            }
          ]
        }
      ]
    }
  ]
}